State,Site Name,Site Type,Service Description,Unique Service Line,Service Type,Waste Stream,Bin Size,Cleanaway,Veolia,Remondis,Current,Incumbant
NSW,St Patrick's Green,RV & AC,20 x 1100L General Waste - 1 x Weekly,St Patrick's Green - 20 x 1100L General Waste - 1 x Weekly,Rear Lift,General Waste,1100,"$32,973.20 ","$33,925.68 ","$29,914.56 ","$65,327.60 ",Cleanaway
NSW,St Patrick's Green,RV & AC,10 x 240L General Waste - 1 x Weekly,St Patrick's Green - 10 x 240L General Waste - 1 x Weekly,Rear Lift,General Waste,240,"$3,276.00 ","$4,043.28 ","$3,878.16 ","$5,600.40 ",Cleanaway
NSW,St Patrick's Green,RV & AC,4 x 240L Clinical Waste - Fortnightly,St Patrick's Green - 4 x 240L Clinical Waste - Fortnightly,Medical,Clinical Waste,240,"$8,971.56 ","$9,395.64 ","$10,208.04 ","$16,375.32 ",Cleanaway
NSW,St Patrick's Green,RV & AC,1 x 240L Cytotoxic Waste - On-Call,St Patrick's Green - 1 x 240L Cytotoxic Waste - On-Call,Medical,Cytotoxic Waste,240,$0.00 ,$60.00 ,$0.00 ,$599.56 ,Cleanaway
NSW,St Patrick's Green,RV & AC,4 x 1100L Comingle - 1 x Weekly,St Patrick's Green - 4 x 1100L Comingle - 1 x Weekly,Rear Lift,Comingle,1100,"$4,165.20 ","$3,828.00 ","$3,076.32 ","$5,210.40 ",Cleanaway
NSW,St Patrick's Green,RV & AC,8 x 240L Comingle - 1 x Weekly,St Patrick's Green - 8 x 240L Comingle - 1 x Weekly,Rear Lift,Comingle,240,$904.80 ,"$1,180.00 ",$992.16 ,"$1,320.80 ",Cleanaway
NSW,St Patrick's Green,RV & AC,3 x 1100L Paper & Cardboard - 1 x Weekly,St Patrick's Green - 3 x 1100L Paper & Cardboard - 1 x Weekly,Rear Lift,Paper & Cardboard,1100,"$1,638.00 ","$2,348.40 ","$1,427.40 ","$2,433.60 ",Cleanaway
NSW,St Patrick's Green,RV & AC,1 x 660L Paper & Cardboard - 1 x Weekly,St Patrick's Green - 1 x 660L Paper & Cardboard - 1 x Weekly,Rear Lift,Paper & Cardboard,660,$592.80 ,$698.00 ,$475.80 ,$416.00 ,Cleanaway
NSW,St Patrick's Green,RV & AC,13 x 22L Sanitary Waste - Every 4 Weeks,St Patrick's Green - 13 x 22L Sanitary Waste - Every 4 Weeks,Sanitary,Sanitary Waste,22,"$1,267.50 ","$1,063.01 ",$964.99 ,"$1,453.40 ",Cleanaway
NSW,St Patrick's Green,RV & AC,1 x 1000L Grease Trap - Every 13 Weeks,St Patrick's Green - 1 x 1000L Grease Trap - Every 13 Weeks,Liquid,Grease Trap,1000,$879.74 ,$799.76 ,$919.72 ,$927.72 ,Cleanaway
NSW,St Brigid's Green,RV & AC,5 x 660L General Waste - 3 x Weekly,St Brigid's Green - 5 x 660L General Waste - 3 x Weekly,Rear Lift,General Waste,660,"$17,950.61 ","$18,239.31 ","$15,800.71 ","$27,082.91 ",Cleanaway
NSW,St Brigid's Green,RV & AC,2 x 660L General Waste - 2 x Weekly,St Brigid's Green - 2 x 660L General Waste - 2 x Weekly,Rear Lift,General Waste,660,"$2,951.52 ","$3,055.53 ","$2,598.02 ","$4,451.83 ",Cleanaway
NSW,St Brigid's Green,RV & AC,2 x 660L General Waste - Supply Only,St Brigid's Green - 2 x 660L General Waste - Supply Only,Rear Lift,General Waste,660,$230.40 ,$96.00 ,$0.00 ,,Cleanaway
NSW,St Brigid's Green,RV & AC,10 x 240L General Waste - Supply Only,St Brigid's Green - 10 x 240L General Waste - Supply Only,Rear Lift,General Waste,240,$588.00 ,$240.00 ,$271.20 ,,Cleanaway
NSW,St Brigid's Green,RV & AC,4 x 240L Clinical Waste - Fortnightly,St Brigid's Green - 4 x 240L Clinical Waste - Fortnightly,Medical,Clinical Waste,240,"$2,990.52 ","$3,291.88 ","$3,565.56 ","$5,454.80 ",Cleanaway
NSW,St Brigid's Green,RV & AC,1 x 120L Cytotoxic Waste - Every 4 Weeks,St Brigid's Green - 1 x 120L Cytotoxic Waste - Every 4 Weeks,Medical,Cytotoxic Waste,120,$857.61 ,$882.12 ,"$1,224.58 ","$1,330.16 ",Cleanaway
NSW,St Brigid's Green,RV & AC,2 x 1100L Paper & Cardboard - 2 X Weekly,St Brigid's Green - 2 x 1100L Paper & Cardboard - 2 X Weekly,Rear Lift,Paper & Cardboard,1100,"$1,834.56 ","$2,548.61 ","$1,598.69 ","$2,708.16 ",Cleanaway
NSW,St Brigid's Green,RV & AC,1 x 1100L Comingle - 1 x Weekly,St Brigid's Green - 1 x 1100L Comingle - 1 x Weekly,Rear Lift,Comingle,1100,"$1,210.98 ","$1,722.96 ",$848.96 ,"$1,419.91 ",Cleanaway
NSW,St Brigid's Green,RV & AC,11 x 22L Sanitary Waste - Every 4 Weeks,St Brigid's Green - 11 x 22L Sanitary Waste - Every 4 Weeks,Sanitary,Sanitary Waste,22,"$1,072.50 ",$899.47 ,$816.53 ,"$1,229.80 ",Cleanaway
NSW,St Brigid's Green,RV & AC,1 x 1000L Grease Trap - Every 13 Weeks,St Brigid's Green - 1 x 1000L Grease Trap - Every 13 Weeks,Liquid,Grease Trap,1000,$879.74 ,$799.76 ,$919.72 ,$927.72 ,Cleanaway
QLD,St Luke's Green,RV & AC,7 x 1100L General Waste - 2 x Weekly,St Luke's Green - 7 x 1100L General Waste - 2 x Weekly,Rear Lift,General Waste,1100,"$11,323.10 ","$10,413.30 ","$13,144.46 ","$17,735.14 ",Cleanaway
QLD,St Luke's Green,RV & AC,15 x 240L General Waste - 2 X Weekly,St Luke's Green - 15 x 240L General Waste - 2 X Weekly,Rear Lift,General Waste,240,"$5,616.00 ","$4,596.96 ","$4,193.28 ","$9,659.52 ",Cleanaway
QLD,St Luke's Green,RV & AC,19 x 240L Comingle - 1 x Weekly,St Luke's Green - 19 x 240L Comingle - 1 x Weekly,Rear Lift,Comingle,240,"$5,166.72 ","$3,556.03 ","$4,695.26 ","$8,260.29 ",Cleanaway
QLD,St Luke's Green,RV & AC,3 x 1100L Paper & Cardboard - 1 x Weekly,St Luke's Green - 3 x 1100L Paper & Cardboard - 1 x Weekly,Rear Lift,Paper & Cardboard,1100,$578.86 ,"$1,501.32 ","$1,825.94 ","$1,046.99 ",Cleanaway
QLD,St Luke's Green,RV & AC,3 x 240L Clinical Waste - Every 4 Weeks,St Luke's Green - 3 x 240L Clinical Waste - Every 4 Weeks,Medical,Clinical Waste,240,$747.63 ,$682.99 ,$958.95 ,$841.10 ,Cleanaway
QLD,St Luke's Green,RV & AC,1 x 240L Cytotoxic Waste - On-Call,St Luke's Green - 1 x 240L Cytotoxic Waste - On-Call,Medical,Cytotoxic Waste,240,$0.00 ,$0.00 ,$61.08 ,$0.00 ,Cleanaway
QLD,St Luke's Green,RV & AC,1 x 240L Confidential Waste - Every 4 Weeks,St Luke's Green - 1 x 240L Confidential Waste - Every 4 Weeks,Confidential,Confidential Waste,240,$520.00 ,$353.55 ,$138.71 ,$452.01 ,Cleanaway
QLD,St Luke's Green,RV & AC,10 x 22L Sanitary Waste - Every 4 Weeks,St Luke's Green - 10 x 22L Sanitary Waste - Every 4 Weeks,Sanitary,Sanitary Waste,22,$975.00 ,$794.30 ,$742.30 ,"$1,423.50 ",Cleanaway
QLD,St Luke's Green,RV & AC,1 x 6000L Grease Trap - Every 13 Weeks,St Luke's Green - 1 x 6000L Grease Trap - Every 13 Weeks,Liquid,Grease Trap,6000,"$5,998.20 ","$6,430.07 ","$6,717.98 ","$4,390.68 ",Cleanaway
VIC,Geelong Grove,RV,1 x 1100L General Waste - Every 4 Weeks,Geelong Grove - 1 x 1100L General Waste - Every 4 Weeks,Rear Lift,General Waste,1100,$425.10 ,$488.35 ,$558.22 ,$587.34 ,Veolia 
VIC,Geelong Grove,RV,1 x 240L Confidential Waste - On-Call,Geelong Grove - 1 x 240L Confidential Waste - On-Call,Confidential,Confidential Waste,240,$0.00 ,$95.04 ,$0.00 ,$0.00 ,Veolia 
VIC,Morven Manor,RV,1 x 500L Grease Trap - On-Call,Morven Manor - 1 x 500L Grease Trap - On-Call,Liquid,Grease Trap,500,$0.00 ,$0.00 ,$0.00 ,$0.00 ,Veolia 
NSW,The Heritage,RV,10 x 240L Comingle - Fortnightly,The Heritage - 10 x 240L Comingle - Fortnightly,Rear Lift,Comingle,240,"$1,085.76 ","$1,425.60 ","$1,190.59 ","$1,475.14 ",Veolia 
NSW,The Heritage,RV,10 x 240L Paper & Cardboard - Fortnightly,The Heritage - 10 x 240L Paper & Cardboard - Fortnightly,Rear Lift,Paper & Cardboard,240,$858.00 ,"$1,269.60 ","$1,570.14 ",$966.11 ,Veolia 
NSW,The Heritage,RV,10 x 240L General Waste - 1 x Weekly,The Heritage - 10 x 240L General Waste - 1 x Weekly,Rear Lift,General Waste,240,"$3,767.40 ","$4,613.77 ","$4,459.88 ","$4,972.97 ",Veolia 
NSW,The Heritage,RV,12 x 240L Green Waste - Fortnightly,The Heritage - 12 x 240L Green Waste - Fortnightly,Rear Lift,Green Waste,240,"$3,764.44 ","$7,093.76 ","$3,604.93 ","$2,781.85 ",Veolia 
NSW,Elderslee Village,RV,2 x 1.5m3 General Waste - 2 x Weekly,Elderslee Village - 2 x 1.5m3 General Waste - 2 x Weekly,Front Lift,General Waste,1.5,"$13,187.20 ","$11,157.76 ","$13,609.44 ","$10,649.60 ",Veolia 
VIC,Victoria Grange Community Centre,RV,5 x 22L Sanitary Waste - Every 4 Weeks,Victoria Grange Community Centre - 5 x 22L Sanitary Waste - Every 4 Weeks,Sanitary,Sanitary Waste,22,$487.50 ,$677.95 ,$371.15 ,$740.35 ,Veolia 
VIC,Victoria Grange Retirement Village,RV,1 x 2000L Grease Trap - Every 13 Weeks,Victoria Grange Retirement Village - 1 x 2000L Grease Trap - Every 13 Weeks,Liquid,Grease Trap,2000,"$1,679.50 ","$1,679.50 ","$1,679.50 ","$2,003.32 ",Veolia 
VIC,Victoria Grange Aged Care,AC,4 x 1100L General Waste - 3 x Weekly,Victoria Grange Aged Care - 4 x 1100L General Waste - 3 x Weekly,Rear Lift,General Waste,1100,"$15,888.60 ","$15,959.34 ","$16,898.70 ","$21,119.28 ",Veolia 
VIC,Victoria Grange Aged Care,AC,8 x 240L Clinical Waste - 1 x Weekly,Victoria Grange Aged Care - 8 x 240L Clinical Waste - 1 x Weekly,Medical,Clinical Waste,240,"$5,382.94 ","$6,379.90 ","$5,842.56 ","$5,892.12 ",Veolia 
VIC,Victoria Grange Aged Care,AC,1 x 240L Cytotoxic Waste - On-Call,Victoria Grange Aged Care - 1 x 240L Cytotoxic Waste - On-Call,Medical,Cytotoxic Waste,240,$0.00 ,$24.00 ,$61.08 ,$0.00 ,Veolia 
VIC,Victoria Grange Aged Care,AC,4 x 660L Paper & Cardboard - 1 x Weekly,Victoria Grange Aged Care - 4 x 660L Paper & Cardboard - 1 x Weekly,Rear Lift,Paper & Cardboard,660,"$1,962.48 ","$2,673.96 ","$2,174.12 ","$2,083.69 ",Veolia 
VIC,Victoria Grange Aged Care,AC,1 x 1100L Paper & Cardboard - 1 x Weekly,Victoria Grange Aged Care - 1 x 1100L Paper & Cardboard - 1 x Weekly,Rear Lift,Paper & Cardboard,1100,$665.60 ,$782.80 ,$717.08 ,"$1,359.80 ",Veolia 
VIC,Victoria Grange Aged Care,AC,2 x 1100L Comingle - 1 x Weekly,Victoria Grange Aged Care - 2 x 1100L Comingle - 1 x Weekly,Rear Lift,Comingle,1100,$982.80 ,"$1,544.80 ","$1,172.60 ","$1,307.28 ",Veolia 
VIC,Victoria Grange Aged Care,AC,1 x 660L Comingle - 1 x Weekly,Victoria Grange Aged Care - 1 x 660L Comingle - 1 x Weekly,Rear Lift,Comingle,660,$717.60 ,"$1,296.00 ","$1,029.08 ",$585.00 ,Veolia 
VIC,Victoria Grange Aged Care,AC,2 x 240L Confidential Waste - On-Call,Victoria Grange Aged Care - 2 x 240L Confidential Waste - On-Call,Confidential,Confidential Waste,240,$0.00 ,$190.08 ,$0.00 ,$0.00 ,Veolia 
VIC,Victoria Grange Aged Care,AC,24 x 1.4L Sharps Supply - Every 4 Weeks,Victoria Grange Aged Care - 24 x 1.4L Sharps Supply - Every 4 Weeks,Medical,Sharps Supply,1.4,$684.37 ,$454.99 ,$429.42 ,$823.49 ,Veolia 
VIC,Victoria Grange Aged Care,AC,12 x 3L Sharps Supply - Every 4 Weeks,Victoria Grange Aged Care - 12 x 3L Sharps Supply - Every 4 Weeks,Medical,Sharps Supply,3,$312.81 ,$264.51 ,$150.40 ,$481.73 ,Veolia 
VIC,Victoria Grange Aged Care,AC,2 x 8L Sharps Supply - Every 4 Weeks,Victoria Grange Aged Care - 2 x 8L Sharps Supply - Every 4 Weeks,Medical,Sharps Supply,8,$211.67 ,$154.79 ,$234.25 ,$213.73 ,Veolia 
VIC,Victoria Grange Aged Care,AC,5 x 18L Sanitary Waste - Every 4 Weeks,Victoria Grange Aged Care - 5 x 18L Sanitary Waste - Every 4 Weeks,Sanitary,Sanitary Waste,18,$487.50 ,$677.95 ,$371.15 ,$740.35 ,Veolia 
VIC,Victoria Grange Aged Care,AC,1 x 3000L Grease Trap - Every 13 Weeks,Victoria Grange Aged Care - 1 x 3000L Grease Trap - Every 13 Weeks,Liquid,Grease Trap,3000,"$2,519.24 ","$2,519.24 ","$2,519.24 ","$3,169.37 ",Veolia 
VIC,Racecourse Grange Aged Care,AC,5 x 1100L General Waste - 3 x Weekly,Racecourse Grange Aged Care - 5 x 1100L General Waste - 3 x Weekly,Rear Lift,General Waste,1100,"$19,157.11 ","$19,253.03 ","$24,548.75 ","$25,457.23 ",Veolia 
VIC,Racecourse Grange Aged Care,AC,3 x 1100L Paper & Cardboard - 2 x Weekly,Racecourse Grange Aged Care - 3 x 1100L Paper & Cardboard - 2 x Weekly,Rear Lift,Paper & Cardboard,1100,"$3,740.67 ","$4,242.14 ","$4,293.01 ","$5,041.14 ",Veolia 
VIC,Racecourse Grange Aged Care,AC,2 x 1100L Comingle - 1 x Weekly,Racecourse Grange Aged Care - 2 x 1100L Comingle - 1 x Weekly,Rear Lift,Comingle,1100,"$1,965.60 ","$2,969.60 ","$3,290.56 ","$2,045.68 ",Veolia 
VIC,Racecourse Grange Aged Care,AC,1 x 240L Confidential Waste - On-Call,Racecourse Grange Aged Care - 1 x 240L Confidential Waste - On-Call,Confidential,Confidential Waste,240,$507.00 ,$256.58 ,$83.23 ,$140.40 ,Veolia 
VIC,Racecourse Grange Aged Care,AC,4 x 240L Clinical Waste - Fortnightly,Racecourse Grange Aged Care - 4 x 240L Clinical Waste - Fortnightly,Medical,Clinical Waste,240,"$1,495.26 ","$1,814.86 ","$1,941.34 ","$1,539.20 ",Veolia 
VIC,Racecourse Grange Aged Care,AC,1 x 240L Cytotoxic Waste - On-Call,Racecourse Grange Aged Care - 1 x 240L Cytotoxic Waste - On-Call,Medical,Cytotoxic Waste,240,"$1,121.38 ","$1,074.40 ","$1,344.96 ",$835.90 ,Veolia 
VIC,Racecourse Grange Aged Care,AC,20 x 3L Sharps Supply - Every 4 Weeks,Racecourse Grange Aged Care - 20 x 3L Sharps Supply - Every 4 Weeks,Medical,Sharps Supply,3,$378.63 ,$320.17 ,$182.04 ,$539.16 ,Veolia 
VIC,Racecourse Grange Aged Care,AC,14 x 6L Sharps Supply - Every 4 Weeks,Racecourse Grange Aged Care - 14 x 6L Sharps Supply - Every 4 Weeks,Medical,Sharps Supply,6,$33.22 ,$26.94 ,$25.02 ,$40.96 ,Veolia 
VIC,Racecourse Grange Aged Care,AC,14 x 22L Sanitary Waste - Fortnightly,Racecourse Grange Aged Care - 14 x 22L Sanitary Waste - Fortnightly,Sanitary,Sanitary Waste,22,"$1,365.00 ","$1,898.26 ","$1,039.22 ","$1,347.58 ",Veolia 
VIC,Racecourse Grange Aged Care,AC,1 x 1200L Grease Trap - On-Call,Racecourse Grange Aged Care - 1 x 1200L Grease Trap - On-Call,Liquid,Grease Trap,1200,"$1,767.47 ","$1,007.70 ","$2,489.77 ","$1,917.02 ",Veolia 
VIC,Racecourse Grange Aged Care,AC,1 x 3304L Grease Trap - Every 16 Weeks,Racecourse Grange Aged Care - 1 x 3304L Grease Trap - Every 16 Weeks,Liquid,Grease Trap,3304,"$2,619.70 ","$2,056.54 ","$3,376.11 ","$2,171.66 ",Veolia 
VIC,Peninsula Grange Aged Care,AC,2 x 3m3 General Waste - 3 x Weekly,Peninsula Grange Aged Care - 2 x 3m3 General Waste - 3 x Weekly,Front Lift,General Waste,3,"$19,368.18 ","$16,981.79 ","$28,501.54 ","$20,828.31 ",Veolia 
VIC,Peninsula Grange Aged Care,AC,1 x 3m3 Paper & Cardboard - 2 x Weekly,Peninsula Grange Aged Care - 1 x 3m3 Paper & Cardboard - 2 x Weekly,Front Lift,Paper & Cardboard,3,"$1,591.20 ","$1,992.00 ","$3,525.60 ",$436.80 ,Veolia 
VIC,Peninsula Grange Aged Care,AC,1 x 1100L Comingle - 1 x Weekly,Peninsula Grange Aged Care - 1 x 1100L Comingle - 1 x Weekly,Rear Lift,Comingle,1100,$982.80 ,"$1,536.80 ","$1,645.28 ","$1,022.84 ",Veolia 
VIC,Peninsula Grange Aged Care,AC,1 x 240L Confidential Waste - On-Call,Peninsula Grange Aged Care - 1 x 240L Confidential Waste - On-Call,Confidential,Confidential Waste,240,$388.70 ,$218.89 ,$63.81 ,$105.43 ,Veolia 
VIC,Peninsula Grange Aged Care,AC,8 x 240L Clinical Waste - Fortnightly,Peninsula Grange Aged Care - 8 x 240L Clinical Waste - Fortnightly,Medical,Clinical Waste,240,"$2,392.42 ","$2,942.18 ","$3,203.87 ","$2,618.72 ",Veolia 
VIC,Peninsula Grange Aged Care,AC,1 x 240L Cytotoxic Waste - On-Call,Peninsula Grange Aged Care - 1 x 240L Cytotoxic Waste - On-Call,Medical,Cytotoxic Waste,240,"$2,242.76 ","$2,124.80 ","$2,628.84 ","$1,671.80 ",Veolia 
VIC,Peninsula Grange Aged Care,AC,17 x 1.4L Sharps Supply - Every 4 Weeks,Peninsula Grange Aged Care - 17 x 1.4L Sharps Supply - Every 4 Weeks,Medical,Sharps Supply,1.4,$54.51 ,$36.24 ,$34.21 ,$72.60 ,Veolia 
VIC,Peninsula Grange Aged Care,AC,10 x 3L Sharps Supply - Every 4 Weeks,Peninsula Grange Aged Care - 10 x 3L Sharps Supply - Every 4 Weeks,Medical,Sharps Supply,3,$37.44 ,$31.66 ,$18.00 ,$53.25 ,Veolia 
VIC,Peninsula Grange Aged Care,AC,7 x 26L Sanitary Waste - Every 4 Weeks,Peninsula Grange Aged Care - 7 x 26L Sanitary Waste - Every 4 Weeks,Sanitary,Sanitary Waste,26,"$1,501.50 ",$949.13 ,$519.61 ,"$1,385.67 ",Veolia 
VIC,Peninsula Grange Aged Care,AC,1 x 1606L Grease Trap - Every 16 Weeks,Peninsula Grange Aged Care - 1 x 1606L Grease Trap - Every 16 Weeks,Liquid,Grease Trap,1606,"$1,562.80 ",$999.64 ,"$1,905.76 ","$1,119.12 ",Veolia 
VIC,Peninsula Grange Aged Care,AC,1 x 4056L Grease Trap - Every 16 Weeks,Peninsula Grange Aged Care - 1 x 4056L Grease Trap - Every 16 Weeks,Liquid,Grease Trap,4056,"$3,087.78 ","$2,524.62 ","$4,156.51 ","$3,207.05 ",Veolia 
VIC,Peninsula Grange Retirement Village,RV,19 x 1100L General Waste - 1 x Weekly,Peninsula Grange Retirement Village - 19 x 1100L General Waste - 1 x Weekly,Rear Lift,General Waste,1100,"$21,184.80 ","$24,032.56 ","$27,147.12 ","$40,957.28 ",Cleanaway
VIC,Peninsula Grange Retirement Village,RV,19 x 1100L Comingle - 1 x Weekly,Peninsula Grange Retirement Village - 19 x 1100L Comingle - 1 x Weekly,Rear Lift,Comingle,1100,"$9,828.00 ","$11,705.44 ","$16,452.80 ","$34,517.60 ",Cleanaway
VIC,Campbell Place Retirement Communities,RV,5 x 660L General Waste - 1 x Weekly,Campbell Place Retirement Communities - 5 x 660L General Waste - 1 x Weekly,Rear Lift,General Waste,660,"$3,412.24 ","$3,867.94 ","$3,903.74 ","$4,068.17 ",Veolia 
VIC,Campbell Place Retirement Communities,RV,4 x 660L Comingle - 1 x Weekly,Campbell Place Retirement Communities - 4 x 660L Comingle - 1 x Weekly,Rear Lift,Comingle,660,"$2,281.97 ","$3,168.48 ","$2,495.28 ","$1,890.06 ",Veolia 
VIC,Campbell Place Retirement Communities,RV,3 x 22L Sanitary Waste - Every 4 Weeks,Campbell Place Retirement Communities - 3 x 22L Sanitary Waste - Every 4 Weeks,Sanitary,Sanitary Waste,22,$292.50 ,$406.77 ,$222.69 ,$206.05 ,Veolia 
VIC,Campbell Place Aged Care,AC,5 x 1100L General Waste - 3 x Weekly,Campbell Place Aged Care - 5 x 1100L General Waste - 3 x Weekly,Rear Lift,General Waste,1100,"$13,800.38 ","$13,953.37 ","$14,677.73 ","$16,128.90 ",Veolia 
VIC,Campbell Place Aged Care,AC,6 x 1100L Comingle - 1 x Weekly,Campbell Place Aged Care - 6 x 1100L Comingle - 1 x Weekly,Rear Lift,Comingle,1100,"$4,570.02 ","$5,099.28 ","$4,122.69 ","$3,286.06 ",Veolia 
VIC,Campbell Place Aged Care,AC,2 x 240L Confidential Waste - On-Call,Campbell Place Aged Care - 2 x 240L Confidential Waste - On-Call,Confidential,Confidential Waste,240,$624.00 ,$513.16 ,$166.45 ,$588.59 ,Veolia 
VIC,Campbell Place Aged Care,AC,13 x 240L Clinical Waste - Fortnightly,Campbell Place Aged Care - 13 x 240L Clinical Waste - Fortnightly,Medical,Clinical Waste,240,"$5,732.83 ","$6,902.11 ","$6,742.18 ","$6,375.79 ",Veolia 
VIC,Campbell Place Aged Care,AC,1 x 240L Cytotoxic Waste - Fortnightly,Campbell Place Aged Care - 1 x 240L Cytotoxic Waste - Fortnightly,Medical,Cytotoxic Waste,240,"$4,485.52 ","$4,225.60 ","$5,196.60 ","$3,343.60 ",Veolia 
VIC,Campbell Place Aged Care,AC,15 x 1.4L Sharps Supply - Fortnightly,Campbell Place Aged Care - 15 x 1.4L Sharps Supply - Fortnightly,Medical,Sharps Supply,1.4,$433.45 ,$288.17 ,$271.98 ,$577.30 ,Veolia 
VIC,Campbell Place Aged Care,AC,5 x 8L Sharps Supply - Fortnightly,Campbell Place Aged Care - 5 x 8L Sharps Supply - Fortnightly,Medical,Sharps Supply,8,$67.43 ,$49.31 ,$74.62 ,$68.09 ,Veolia 
VIC,Campbell Place Aged Care,AC,1 x 1200L Grease Trap - Every 13 Weeks,Campbell Place Aged Care - 1 x 1200L Grease Trap - Every 13 Weeks,Liquid,Grease Trap,1200,"$1,007.70 ","$1,007.70 ","$1,007.70 ","$1,177.57 ",Veolia 
VIC,Campbell Place Aged Care,AC,1 x 3100L Grease Trap - Every 52 Weeks,Campbell Place Aged Care - 1 x 3100L Grease Trap - Every 52 Weeks,Liquid,Grease Trap,3100,$677.04 ,$677.04 ,$677.04 ,$855.65 ,Veolia 
VIC,Campbell Place Aged Care,AC,1 x 4000L Grease Trap - Every 13 Weeks,Campbell Place Aged Care - 1 x 4000L Grease Trap - Every 13 Weeks,Liquid,Grease Trap,4000,"$3,358.99 ","$3,358.99 ","$3,358.99 ","$3,714.49 ",Veolia 
VIC,Campbell Place Aged Care,AC,1 x 22L Sanitary Waste - Every 4 Weeks,Campbell Place Aged Care - 1 x 22L Sanitary Waste - Every 4 Weeks,Sanitary,Sanitary Waste,22,$97.50 ,$135.59 ,$74.23 ,$411.84 ,Veolia 
VIC,Grace Park Lane,RV,5 x 660L General Waste - 2 x Weekly,Grace Park Lane - 5 x 660L General Waste - 2 x Weekly,Rear Lift,General Waste,660,"$7,205.85 ","$7,901.35 ","$8,243.79 ","$13,754.58 ",Veolia 
VIC,Grace Park Lane,RV,3 x 660L Comingle - 1 x Weekly,Grace Park Lane - 3 x 660L Comingle - 1 x Weekly,Rear Lift,Comingle,660,"$2,934.98 ","$3,972.24 ","$3,137.03 ","$2,664.88 ",Veolia 
VIC,Grace Park Lane,RV,2 x 1100L Paper & Cardboard - 1 x Weekly,Grace Park Lane - 2 x 1100L Paper & Cardboard - 1 x Weekly,Rear Lift,Paper & Cardboard,1100,"$1,064.96 ","$1,276.48 ",$940.16 ,$937.66 ,Veolia 
VIC,Grace Park Lane,RV,2 x 240L Confidential Waste - On-Call,Grace Park Lane - 2 x 240L Confidential Waste - On-Call,Confidential,Confidential Waste,240,$166.40 ,$276.23 ,$44.39 ,$83.99 ,Veolia 
VIC,Grace Park Lane,RV,6 x 22L Sanitary Waste - Every 4 Weeks,Grace Park Lane - 6 x 22L Sanitary Waste - Every 4 Weeks,Sanitary,Sanitary Waste,22,$585.00 ,$813.54 ,$445.38 ,$376.35 ,Veolia 
VIC,The Alba,AC,10 x 660L General Waste - 2 x Weekly,The Alba - 10 x 660L General Waste - 2 x Weekly,Rear Lift,General Waste,660,"$16,378.75 ","$17,894.09 ","$15,716.81 ","$31,263.90 ",Veolia 
VIC,The Alba,AC,6 x 660L Comingle - 1 x Weekly,The Alba - 6 x 660L Comingle - 1 x Weekly,Rear Lift,Comingle,660,"$3,387.07 ","$4,705.92 ","$3,428.80 ","$3,075.36 ",Veolia 
VIC,The Alba,AC,3 x 1100L Paper & Cardboard - 1 x Weekly,The Alba - 3 x 1100L Paper & Cardboard - 1 x Weekly,Rear Lift,Paper & Cardboard,1100,"$1,869.67 ","$2,210.35 ","$1,650.57 ","$1,646.19 ",Veolia 
VIC,The Alba,AC,3 x 240L Confidential Waste - On-Call,The Alba - 3 x 240L Confidential Waste - On-Call,Confidential,Confidential Waste,240,$829.92 ,$714.81 ,$221.38 ,$422.84 ,Veolia 
VIC,The Alba,AC,15 x 120L Clinical Waste - Fortnightly,The Alba - 15 x 120L Clinical Waste - Fortnightly,Medical,Clinical Waste,120,"$4,471.01 ","$6,005.18 ","$6,792.15 ","$6,169.75 ",Veolia 
VIC,The Alba,AC,3 x 120L Cytotoxic Waste - On-Call,The Alba - 3 x 120L Cytotoxic Waste - On-Call,Medical,Cytotoxic Waste,120,$0.00 ,$72.00 ,$183.24 ,$0.00 ,Veolia 
VIC,The Alba,AC,20 x 22L Sanitary Waste - Every 4 Weeks,The Alba - 20 x 22L Sanitary Waste - Every 4 Weeks,Sanitary,Sanitary Waste,22,"$1,950.00 ","$2,711.80 ","$1,484.60 ",$351.78 ,Veolia 
VIC,The Alba,AC,5 x 22L Sanitary Waste - Every 4 Weeks,The Alba - 5 x 22L Sanitary Waste - Every 4 Weeks,Sanitary,Sanitary Waste,22,$487.50 ,$677.95 ,$371.15 ,$376.35 ,Veolia 
VIC,The Alba,AC,2 x 22L Sanitary Waste - Every 4 Weeks,The Alba - 2 x 22L Sanitary Waste - Every 4 Weeks,Sanitary,Sanitary Waste,22,$195.00 ,$271.18 ,$148.46 ,$351.78 ,Veolia 
VIC,Walmsley Retirement Village,RV,1 x 3m3 General Waste - On-Call,Walmsley Retirement Village - 1 x 3m3 General Waste - On-Call,Front Lift,General Waste,3,"$4,787.64 ","$4,258.42 ","$5,712.56 ","$5,148.57 ",Veolia 
VIC,Walmsley Aged Care,AC,12 x 660L General Waste - 3 x Weekly,Walmsley Aged Care - 12 x 660L General Waste - 3 x Weekly,Rear Lift,General Waste,660,"$22,189.60 ","$24,168.25 ","$20,625.98 ","$26,455.06 ",Veolia 
VIC,Walmsley Aged Care,AC,2 x 660L Paper & Cardboard - 3 x Weekly,Walmsley Aged Care - 2 x 660L Paper & Cardboard - 3 x Weekly,Rear Lift,Paper & Cardboard,660,"$1,957.18 ","$2,571.25 ","$2,168.24 ","$2,256.51 ",Veolia 
VIC,Walmsley Aged Care,AC,1 x 240L Confidential Waste - Fortnightly,Walmsley Aged Care - 1 x 240L Confidential Waste - Fortnightly,Confidential,Confidential Waste,240,"$1,040.00 ",$633.50 ,$277.42 ,$529.88 ,Veolia 
VIC,Walmsley Aged Care,AC,4 x 240L Clinical Waste - On-Call,Walmsley Aged Care - 4 x 240L Clinical Waste - On-Call,Medical,Clinical Waste,240,"$1,499.48 ","$1,819.71 ","$1,717.45 ","$1,693.46 ",Veolia 
VIC,Walmsley Aged Care,AC,20 x 20L Sharps Supply - On-Call,Walmsley Aged Care - 20 x 20L Sharps Supply - On-Call,Medical,Sharps Supply,20,"$3,388.94 ","$2,164.03 ","$1,931.90 ","$1,264.22 ",Veolia 
VIC,Walmsley Aged Care,AC,1 x 5000L Grease Trap - Every 13 Weeks,Walmsley Aged Care - 1 x 5000L Grease Trap - Every 13 Weeks,Liquid,Grease Trap,5000,"$4,368.00 ","$4,368.00 ","$4,368.00 ","$5,104.32 ",Veolia 
VIC,Rathdowne Place Aged Care,AC,6 x 1100L General Waste - 3 x Weekly,Rathdowne Place Aged Care - 6 x 1100L General Waste - 3 x Weekly,Rear Lift,General Waste,1100,"$26,329.68 ","$26,409.19 ","$26,094.43 ","$26,646.36 ",Veolia 
VIC,Rathdowne Place Aged Care,AC,15 x 240L Comingle - 3 x Weekly,Rathdowne Place Aged Care - 15 x 240L Comingle - 3 x Weekly,Rear Lift,Comingle,240,"$8,276.27 ","$9,979.82 ","$9,039.40 ","$11,683.51 ",Veolia 
VIC,Rathdowne Place Aged Care,AC,2 x 1100L Paper & Cardboard - 3 x Weekly,Rathdowne Place Aged Care - 2 x 1100L Paper & Cardboard - 3 x Weekly,Rear Lift,Paper & Cardboard,1100,"$3,933.70 ","$4,391.75 ","$3,472.72 ","$3,463.50 ",Veolia 
VIC,Rathdowne Place Aged Care,AC,2 x 240L Confidential Waste - 1 x Weekly,Rathdowne Place Aged Care - 2 x 240L Confidential Waste - 1 x Weekly,Confidential,Confidential Waste,240,"$3,952.00 ","$2,236.23 ","$1,054.20 ","$2,013.54 ",Veolia 
VIC,Rathdowne Place Aged Care,AC,15 x 240L Clinical Waste - 1 x Weekly,Rathdowne Place Aged Care - 15 x 240L Clinical Waste - 1 x Weekly,Medical,Clinical Waste,240,"$9,928.53 ","$11,773.23 ","$11,217.63 ","$10,201.30 ",Veolia 
VIC,Rathdowne Place Aged Care,AC,5 x 240L Cytotoxic Waste - On-Call,Rathdowne Place Aged Care - 5 x 240L Cytotoxic Waste - On-Call,Medical,Cytotoxic Waste,240,$269.13 ,$372.10 ,$613.53 ,$212.19 ,Veolia 
VIC,Rathdowne Place Aged Care,AC,12 x 3L Sharps Supply - Every 4 Weeks,Rathdowne Place Aged Care - 12 x 3L Sharps Supply - Every 4 Weeks,Medical,Sharps Supply,3,$894.40 ,$756.30 ,$614.63 ,$783.49 ,Veolia 
VIC,Rathdowne Place Aged Care,AC,17 x 22L Sanitary Waste - Every 4 Weeks,Rathdowne Place Aged Care - 17 x 22L Sanitary Waste - Every 4 Weeks,Sanitary,Sanitary Waste,22,"$1,657.50 ","$2,305.03 ","$1,261.91 ","$1,156.48 ",Veolia 
VIC,Rathdowne Place Aged Care,AC,1 x 3000L Grease Trap - Every 13 Weeks,Rathdowne Place Aged Care - 1 x 3000L Grease Trap - Every 13 Weeks,Liquid,Grease Trap,3000,"$2,620.80 ","$2,620.80 ","$2,620.80 ","$2,891.20 ",Veolia 
VIC,Drummond Place Retirement Community,RV,2 x 22L Sanitary Waste - Every 4 Weeks,Drummond Place Retirement Community - 2 x 22L Sanitary Waste - Every 4 Weeks,Sanitary,Sanitary Waste,22,$195.00 ,$271.18 ,$148.46 ,,Veolia 
VIC,Drummond Place Retirement Community,RV,1 x 240L Confidential Waste - On-Call,Drummond Place Retirement Community - 1 x 240L Confidential Waste - On-Call,Confidential,Confidential Waste,240,$0.00 ,$95.04 ,$0.00 ,,Veolia 
NSW,Willandra Bungalows,RV,11 x 240L General Waste - 2 x Weekly,Willandra Bungalows - 11 x 240L General Waste - 2 x Weekly,Rear Lift,General Waste,240,"$11,225.76 ","$13,296.57 ","$13,289.16 ","$14,764.55 ",Veolia 
NSW,Willandra Bungalows,RV,14 x 240L Comingle - 1 x Weekly,Willandra Bungalows - 14 x 240L Comingle - 1 x Weekly,Rear Lift,Comingle,240,"$5,773.46 ","$7,024.76 ","$6,716.92 ","$8,223.65 ",Veolia 
NSW,Willandra Bungalows,RV,15 x 240L Paper & Cardboard - 1 x Weekly,Willandra Bungalows - 15 x 240L Paper & Cardboard - 1 x Weekly,Rear Lift,Paper & Cardboard,240,"$3,511.46 ","$4,940.16 ","$6,984.74 ","$4,221.38 ",Veolia 
NSW,Willandra Bungalows,RV,3 x 1100L Green Waste - 1 x Weekly,Willandra Bungalows - 3 x 1100L Green Waste - 1 x Weekly,Rear Lift,Green Waste,1100,"$8,710.60 ","$5,019.22 ","$5,036.61 ","$6,564.79 ",Veolia 
NSW,Willandra Bungalows,RV,2 x 26L Sanitary Waste - Every 4 Weeks,Willandra Bungalows - 2 x 26L Sanitary Waste - Every 4 Weeks,Sanitary,Sanitary Waste,26,$195.00 ,$163.54 ,$289.38 ,$153.66 ,Veolia 
NSW,Willandra Retirement Village,RV,44 x 240L General Waste - 2 x Weekly,Willandra Retirement Village - 44 x 240L General Waste - 2 x Weekly,Rear Lift,General Waste,240,"$44,542.68 ","$46,574.38 ","$52,730.05 ","$58,584.23 ",Veolia 
NSW,Willandra Retirement Village,RV,28 x 240L Comingle - 1 x Weekly,Willandra Retirement Village - 28 x 240L Comingle - 1 x Weekly,Rear Lift,Comingle,240,"$11,704.68 ","$11,520.24 ","$14,188.36 ","$16,971.79 ",Veolia 
NSW,Willandra Retirement Village,RV,31 x 240L Paper & Cardboard - 1 x Weekly,Willandra Retirement Village - 31 x 240L Paper & Cardboard - 1 x Weekly,Rear Lift,Paper & Cardboard,240,"$7,152.08 ","$8,673.48 ","$14,226.42 ","$6,949.96 ",Veolia 
NSW,Willandra Retirement Village,RV,1 x 3m3 General Waste - 2 x Weekly,Willandra Retirement Village - 1 x 3m3 General Waste - 2 x Weekly,Front Lift,General Waste,3,"$11,523.20 ","$11,007.76 ","$9,048.00 ","$13,175.76 ",Veolia 
NSW,Willandra Retirement Village,RV,5 x 120L Comingle - 1 x Weekly,Willandra Retirement Village - 5 x 120L Comingle - 1 x Weekly,Rear Lift,Comingle,120,"$1,458.91 ","$2,027.01 ","$1,726.38 ","$2,065.06 ",Veolia 
NSW,Willandra Retirement Village,RV,1 x 1100L Paper & Cardboard - 1 x Weekly,Willandra Retirement Village - 1 x 1100L Paper & Cardboard - 1 x Weekly,Rear Lift,Paper & Cardboard,1100,$546.00 ,$782.80 ,$475.80 ,$128.96 ,Veolia 
NSW,Willandra Retirement Village,RV,3 x 26L Sanitary Waste - Every 4 Weeks,Willandra Retirement Village - 3 x 26L Sanitary Waste - Every 4 Weeks,Sanitary,Sanitary Waste,26,$292.50 ,$245.31 ,$434.07 ,$501.93 ,Veolia 
NSW,Willandra Retirement Village,RV,1 x 1500L Grease Trap - Every 8 Weeks,Willandra Retirement Village - 1 x 1500L Grease Trap - Every 8 Weeks,Liquid,Grease Trap,1500,"$2,145.00 ","$1,950.00 ","$2,242.50 ","$1,949.03 ",Veolia 
NSW,Willandra Retirement Village,RV,1 x 1000L Grease Trap - Every 52 Weeks,Willandra Retirement Village - 1 x 1000L Grease Trap - Every 52 Weeks,Liquid,Grease Trap,1000,$219.65 ,$199.68 ,$229.63 ,$196.09 ,Veolia 
NSW,Constitution Hill Retirement Village,RV,54 x 240L General Waste - 1 x Weekly,Constitution Hill Retirement Village - 54 x 240L General Waste - 1 x Weekly,Rear Lift,General Waste,240,"$20,180.16 ","$21,918.20 ","$23,889.47 ","$27,944.72 ",Veolia 
NSW,Constitution Hill Retirement Village,RV,86 x 240L Comingle - 1 x Weekly,Constitution Hill Retirement Village - 86 x 240L Comingle - 1 x Weekly,Rear Lift,Comingle,240,"$27,814.50 ","$24,790.48 ","$33,716.60 ","$34,564.60 ",Veolia 
NSW,Constitution Hill Retirement Village,RV,19 x 660L General Waste - 1 x Weekly,Constitution Hill Retirement Village - 19 x 660L General Waste - 1 x Weekly,Rear Lift,General Waste,660,"$21,532.68 ","$21,000.82 ","$18,953.77 ","$28,317.98 ",Veolia 
NSW,Constitution Hill Retirement Village,RV,2 x 240L Confidential Waste - On-Call,Constitution Hill Retirement Village - 2 x 240L Confidential Waste - On-Call,Confidential,Confidential Waste,240,$546.00 ,$389.39 ,$141.55 ,$535.22 ,Veolia 
NSW,Constitution Hill Aged Care,AC,1 x 8m3 General Waste Compactor - 1 x Weekly,Constitution Hill Aged Care - 1 x 8m3 General Waste Compactor - 1 x Weekly,Bulk,General Waste Compactor,8,"$17,503.20 ","$11,923.08 ","$15,236.00 ","$11,771.24 ",Veolia 
NSW,Constitution Hill Aged Care,AC,Compactor Rental,Constitution Hill Aged Care - Compactor Rental,Bulk,Compactor Rental,,"$26,400.00 ","$11,940.00 ","$39,324.00 ","$14,992.22 ",Veolia 
NSW,Constitution Hill Aged Care,AC,General Waste Disposal,Constitution Hill Aged Care - General Waste Disposal,Bulk,General Waste Disposal,,"$32,912.31 ","$32,753.81 ","$31,607.00 ","$31,384.93 ",Veolia 
NSW,Constitution Hill Aged Care,AC,8 x 240L General Waste - 1 x Weekly,Constitution Hill Aged Care - 8 x 240L General Waste - 1 x Weekly,Rear Lift,General Waste,240,"$1,601.67 ","$1,945.67 ","$2,031.51 ","$2,376.36 ",Veolia 
NSW,Constitution Hill Aged Care,AC,4 x 660L Paper & Cardboard - 1 x Weekly,Constitution Hill Aged Care - 4 x 660L Paper & Cardboard - 1 x Weekly,Rear Lift,Paper & Cardboard,660,"$1,817.19 ","$2,441.00 ","$1,646.27 ",$838.43 ,Veolia 
NSW,Constitution Hill Aged Care,AC,4 x 240L Confidential Waste - On-Call,Constitution Hill Aged Care - 4 x 240L Confidential Waste - On-Call,Confidential,Confidential Waste,240,$728.00 ,$600.79 ,$194.19 ,$799.16 ,Veolia 
NSW,Constitution Hill Aged Care,AC,6 x 240L Clinical Waste - 1 x Weekly,Constitution Hill Aged Care - 6 x 240L Clinical Waste - 1 x Weekly,Medical,Clinical Waste,240,"$7,120.43 ","$7,626.53 ","$7,754.34 ","$6,505.08 ",Veolia 
NSW,Constitution Hill Aged Care,AC,1 x 240L Cytotoxic Waste - Fortnightly,Constitution Hill Aged Care - 1 x 240L Cytotoxic Waste - Fortnightly,Medical,Cytotoxic Waste,240,$852.25 ,$942.78 ,"$1,036.83 ",$617.01 ,Veolia 
NSW,Constitution Hill Aged Care,AC,1 x 2800L Grease Trap - Every 8 Weeks,Constitution Hill Aged Care - 1 x 2800L Grease Trap - Every 8 Weeks,Liquid,Grease Trap,2800,"$4,004.00 ","$3,640.00 ","$4,186.00 ","$3,820.18 ",Veolia 
NSW,The Governor's Retirement Resort,RV,1 x 1.5m3 General Waste - 2 x Weekly,The Governor's Retirement Resort - 1 x 1.5m3 General Waste - 2 x Weekly,Front Lift,General Waste,1.5,"$6,853.60 ","$6,609.20 ","$6,428.24 ","$8,041.28 ",JR Richards
NSW,The Governor's Retirement Resort,RV,1 x 1100L Organics - 1 x Weekly,The Governor's Retirement Resort - 1 x 1100L Organics - 1 x Weekly,Rear Lift,Organics,1100,"$2,158.00 ","$2,691.72 ","$1,944.80 ","$2,317.64 ",JR Richards
NSW,The Governor's Retirement Resort,RV,5 x 240L Organics - 1 x Weekly,The Governor's Retirement Resort - 5 x 240L Organics - 1 x Weekly,Rear Lift,Organics,240,"$2,371.20 ","$6,048.00 ","$1,697.38 ","$1,970.07 ",JR Richards
NSW,The Governor's Retirement Resort,RV,12 x 240L Comingle - 1 x Weekly,The Governor's Retirement Resort - 12 x 240L Comingle - 1 x Weekly,Rear Lift,Comingle,240,"$4,157.40 ","$6,337.50 ","$3,696.03 ","$3,102.84 ",JR Richards
NSW,The Governor's Retirement Resort,RV,1 x 660L Comingle - 1 x Weekly,The Governor's Retirement Resort - 1 x 660L Comingle - 1 x Weekly,Rear Lift,Comingle,660,"$1,097.20 ","$1,288.20 ","$1,004.64 ",$873.60 ,JR Richards
NSW,The Governor's Retirement Resort,RV,1 x 1346L Grease Trap - Every 13 Weeks,The Governor's Retirement Resort - 1 x 1346L Grease Trap - Every 13 Weeks,Liquid,Grease Trap,1346,"$5,518.24 ","$2,071.76 ","$1,623.81 ","$1,663.21 ",JR Richards
NSW,Sienna Grange Retirement Village,RV,12 x 240L General Waste - 1 x Weekly,Sienna Grange Retirement Village - 12 x 240L General Waste - 1 x Weekly,Rear Lift,General Waste,240,"$6,006.00 ","$5,691.40 ","$6,595.16 ","$6,446.44 ",JR Richards
NSW,Sienna Grange Retirement Village,RV,10 x 240L Organics - 1 x Weekly,Sienna Grange Retirement Village - 10 x 240L Organics - 1 x Weekly,Rear Lift,Organics,240,"$5,878.60 ","$15,060.00 ","$4,243.46 ","$4,633.72 ",JR Richards
NSW,Sienna Grange Retirement Village,RV,14 x 240L Comingle - 1 x Weekly,Sienna Grange Retirement Village - 14 x 240L Comingle - 1 x Weekly,Rear Lift,Comingle,240,"$5,543.20 ","$8,450.00 ","$4,928.04 ","$4,137.12 ",JR Richards
NSW,Sienna Grange Retirement Village,RV,1 x 2000L Grease Trap - Every 13 Weeks,Sienna Grange Retirement Village - 1 x 2000L Grease Trap - Every 13 Weeks,Liquid,Grease Trap,2000,"$6,198.40 ","$3,078.40 ","$2,412.80 ","$2,659.65 ",JR Richards
NSW,Sienna Grange Aged Care,AC,4 x 1100L General Waste - 3 x Weekly,Sienna Grange Aged Care - 4 x 1100L General Waste - 3 x Weekly,Rear Lift,General Waste,1100,"$14,197.87 ","$17,741.63 ","$17,250.60 ","$19,671.48 ",JR Richards
NSW,Sienna Grange Aged Care,AC,5 x 1100L Comingle - 1 x Weekly,Sienna Grange Aged Care - 5 x 1100L Comingle - 1 x Weekly,Rear Lift,Comingle,1100,"$5,749.07 ","$7,266.48 ","$6,883.92 ","$5,984.16 ",JR Richards
NSW,Sienna Grange Aged Care,AC,5 x 240L Organics - 1 x Weekly,Sienna Grange Aged Care - 5 x 240L Organics - 1 x Weekly,Rear Lift,Organics,240,$989.66 ,"$1,017.19 ",$453.46 ,$760.91 ,JR Richards
NSW,Sienna Grange Aged Care,AC,5 x 120L Clinical Waste - 1 x Weekly,Sienna Grange Aged Care - 5 x 120L Clinical Waste - 1 x Weekly,Medical,Clinical Waste,120,"$17,943.12 ","$27,610.20 ","$18,922.44 ","$26,888.16 ",JR Richards
NSW,Sienna Grange Aged Care,AC,1 x 120L Cytotoxic Waste - Every 4 Weeks,Sienna Grange Aged Care - 1 x 120L Cytotoxic Waste - Every 4 Weeks,Medical,Cytotoxic Waste,120,$0.00 ,"$1,518.91 ","$1,341.32 ",,JR Richards
NSW,Sienna Grange Aged Care,AC,1 x 240L Confidential Waste - Every 4 Weeks,Sienna Grange Aged Care - 1 x 240L Confidential Waste - Every 4 Weeks,Confidential,Confidential Waste,240,$845.00 ,$495.92 ,$371.02 ,$644.28 ,JR Richards
NSW,Sienna Grange Aged Care,AC,11 x 22L Sanitary Waste - Every 4 Weeks,Sienna Grange Aged Care - 11 x 22L Sanitary Waste - Every 4 Weeks,Sanitary,Sanitary Waste,22,"$2,359.50 ","$1,348.49 ","$1,212.64 ","$1,134.90 ",JR Richards
QLD,The Eye Centre (HPT Asset),HPT,1 x 660L General Waste - 2 x Weekly,The Eye Centre (HPT Asset) - 1 x 660L General Waste - 2 x Weekly,Rear Lift,General Waste,660,$660.40 ,$752.08 ,$495.30 ,"$14,634.36 ",Gold Coast Council
QLD,The Eye Centre (HPT Asset),HPT,1 x 1100L Paper & Cardboard - 1 x Weekly,The Eye Centre (HPT Asset) - 1 x 1100L Paper & Cardboard - 1 x Weekly,Rear Lift,Paper & Cardboard,1100,$525.20 ,$606.00 ,$754.52 ,,Gold Coast Council
QLD,Campus Alpha (HPT Asset),HPT,1 x 1100L General Waste - 4 x Weekly,Campus Alpha (HPT Asset) - 1 x 1100L General Waste - 4 x Weekly,Rear Lift,General Waste,1100,"$8,112.00 ","$7,025.92 ","$6,229.60 ","$11,472.24 ",Cleanaway
QLD,Campus Alpha (HPT Asset),HPT,1 x 1100L Paper & Cardboard - 2 x Weekly,Campus Alpha (HPT Asset) - 1 x 1100L Paper & Cardboard - 2 x Weekly,Rear Lift,Paper & Cardboard,1100,"$1,050.40 ","$1,152.00 ","$1,509.04 ","$4,143.36 ",Cleanaway
QLD,15 Butterfield (HPT Asset),HPT,1 x 1100L General Waste - 3 x Weekly,15 Butterfield (HPT Asset) - 1 x 1100L General Waste - 3 x Weekly,Rear Lift,General Waste,1100,"$4,024.80 ","$5,454.48 ","$4,672.20 ","$15,560.00 ",Cleanaway
QLD,15 Butterfield (HPT Asset),HPT,1 x 1100L Paper & Cardboard - 2 x Weekly,15 Butterfield (HPT Asset) - 1 x 1100L Paper & Cardboard - 2 x Weekly,Rear Lift,Paper & Cardboard,1100,$478.40 ,"$1,152.00 ","$1,509.04 ","$1,456.00 ",Cleanaway
QLD,STARS (HPT Asset),HPT,4 x 1100L General Waste - 3 x Weekly,STARS (HPT Asset) - 4 x 1100L General Waste - 3 x Weekly,Rear Lift,General Waste,1100,"$16,099.20 ","$13,861.92 ","$18,688.80 ","$17,334.77 ",Cleanaway
QLD,STARS (HPT Asset),HPT,1 x 1100L Comingle - 1 x Weekly,STARS (HPT Asset) - 1 x 1100L Comingle - 1 x Weekly,Rear Lift,Comingle,1100,$842.40 ,"$1,305.40 ","$1,731.08 ","$1,237.60 ",Cleanaway
QLD,STARS (HPT Asset),HPT,2 x 1100L Paper & Cardboard - 3 x Weekly,STARS (HPT Asset) - 2 x 1100L Paper & Cardboard - 3 x Weekly,Rear Lift,Paper & Cardboard,1100,"$1,435.20 ","$3,708.00 ","$4,527.12 ","$3,004.56 ",Cleanaway
QLD,Ipswsich Medical (HPT Asset),HPT,1 x 1100L General Waste - 4 x Weekly,Ipswsich Medical (HPT Asset) - 1 x 1100L General Waste - 4 x Weekly,Rear Lift,General Waste,1100,"$5,366.40 ","$7,117.44 ","$6,229.60 ","$22,258.08 ",Ipswich Council
QLD,Ipswsich Medical (HPT Asset),HPT,1 x 1100L Paper & Cardboard - 2 x Weekly,Ipswsich Medical (HPT Asset) - 1 x 1100L Paper & Cardboard - 2 x Weekly,Rear Lift,Paper & Cardboard,1100,"$1,830.40 ","$1,152.00 ","$1,509.04 ","$1,930.76 ",Ipswich Council
QLD,Ipswsich Medical (HPT Asset),HPT,1 x 22L Sanitary Waste - 1 x Weekly,Ipswsich Medical (HPT Asset) - 1 x 22L Sanitary Waste - 1 x Weekly,Sanitary,Sanitary Waste,22,$390.00 ,$476.84 ,$440.96 ,"$3,059.68 ",Ipswich Council
QLD,Ipswsich Medical (HPT Asset),HPT,3 x 22L Sanitary Waste - Every 4 Weeks,Ipswsich Medical (HPT Asset) - 3 x 22L Sanitary Waste - Every 4 Weeks,Sanitary,Sanitary Waste,22,$292.50 ,$357.63 ,$330.72 ,"$2,294.76 ",Ipswich Council
QLD,Medilink (HPT Asset),HPT,1 x 3m3 General Waste - 6 x Weekly,Medilink (HPT Asset) - 1 x 3m3 General Waste - 6 x Weekly,Front Lift,General Waste,3,"$25,771.20 ","$21,816.48 ","$22,563.84 ","$33,415.20 ",Cleanaway
QLD,Medilink (HPT Asset),HPT,1 x 4.5m3 Paper & Cardboard - 2 x Weekly,Medilink (HPT Asset) - 1 x 4.5m3 Paper & Cardboard - 2 x Weekly,Front Lift,Paper & Cardboard,4.5,"$2,402.40 ","$3,028.88 ","$3,047.20 ","$3,198.00 ",Cleanaway
,,,,,,,,"$878,421 ","$912,846 ","$944,362 ","$1,129,622 ",